nome,genero,nascimento,cpf,cep,estado,cidade,rua,email,telefone
Lula Hehnke,M,2013-03-16,57278134,98872328,PE,Paulista,Rua Francisco da Cunha,lhehnke0@cdc.gov,81952960018
Ilyssa Cohani,M,1984-01-01,3232489436,39169716,PE,Camaragibe,Vasco Cirquine,icohani1@ning.com,81993842516
Persis MacCracken,F,1986-12-12,45099566604,23677763,PE,Camaragibe,Marquês de Maricá,pmaccracken2@ihg.com,81911788647
Calley Mathwen,M,1962-05-01,70108294414,22156060,PE,Abreu e Lima,Visconde de Itaboraí,cmathwen3@examiner.com,81946225231
Wang Lipson,F,2020-04-02,73813459606,30500687,PE,Olinda,Vicente de Carvalho,wlipson4@acquirethisname.com,81976033722
Valentia Aymer,M,2021-06-13,47485851302,56787218,PE,Recife,Vasco Cirquine,vaymer5@4shared.com,81921740299
Garth Lorne,M,1992-11-13,53071433860,16268919,PE,Olinda,Dom Lustosa,glorne6@un.org,81923134304
Angela Sommerland,F,1986-01-06,9919018634,65498232,PE,Camaragibe,Acaiaca,asommerland7@cyberchimps.com,81977985534
Roby Skittrell,F,1974-06-24,85317583449,88439545,PE,Olinda,Vasco Cirquine,rskittrell8@hc360.com,81946137842
Felice Pavier,M,2011-12-17,24851558760,81822553,PE,Jaboatão dos Guararapes,Marquês de Maricá,fpavier9@earthlink.net,81955729769
Moll Climie,F,2005-09-09,32993817495,97238627,PE,Recife,Avenida Governador Agamenon Magalhães,mclimiea@youtube.com,81915511391
Roze Casajuana,M,1942-11-13,14404260313,20980971,PE,Abreu e Lima,Garanhuns,rcasajuanab@cisco.com,81936214111
Northrop Dahler,M,1935-09-07,96087033598,97784158,PE,Carpina,Osvaldo Freire,ndahlerc@hubpages.com,81946750654
Vaclav Agneau,F,1939-02-22,95565165852,91713794,PE,Abreu e Lima,Vasco Cirquine,vagneaud@house.gov,81984074671
Claiborne Yokelman,M,1935-10-27,37023214059,10081992,PE,Olinda,Rua dos Navegantes,cyokelmane@squarespace.com,81947227287
Hilliard Vasyukov,M,1970-06-02,80280254613,64705400,PE,Olinda,Vicente de Carvalho,hvasyukovf@wunderground.com,81966346165
Devan Spellacey,M,1944-10-31,9641180225,28485419,PE,Olinda,Marquês de Maricá,dspellaceyg@auda.org.au,81993144080
Quintana Jandak,F,1995-02-03,96623409449,58810735,PE,Abreu e Lima,Avenida Conselheiro Aguiar,qjandakh@nationalgeographic.com,81986692373
Angele Hubane,M,2017-05-14,76128345883,85535758,PE,Recife,Pastor José Joaquim dos Santos,ahubanei@qq.com,81964785837
Germaine Sichardt,F,1967-12-10,64090103640,46590371,PE,Igarassu,Vicente de Carvalho,gsichardtj@squidoo.com,81993141908
Vivianna Goodboddy,M,1981-01-24,13132281419,13516724,PE,Carpina,José Pessoa,vgoodboddyk@cloudflare.com,81915700715
Goran MacGinley,M,2021-02-02,38447116646,57712748,PE,Olinda,Abigail Bastos Russell,gmacginleyl@purevolume.com,81908930441
Eilis Marty,F,2011-08-20,54985127202,59587317,PE,Abreu e Lima,Osvaldo Freire,emartym@sina.com.cn,81921820270
Perren Janaud,F,1988-03-11,12528622737,18474566,PE,Camaragibe,José Pessoa,pjanaudn@ning.com,81979235966
Adi Chilles,F,1989-05-18,58038148594,93070795,PE,Abreu e Lima,Vasco Cirquine,achilleso@guardian.co.uk,81975344199
Clarisse Shepherdson,F,1985-10-21,6961297734,76369314,PE,Carpina,Vasco Cirquine,cshepherdsonp@army.mil,81918336508
Malinde Heigho,M,1985-01-14,17420205407,15567258,PE,Jaboatão dos Guararapes,Garanhuns,mheighoq@java.com,81952078940
Link McFeate,M,1977-02-07,64567944661,70651109,PE,Olinda,Visconde de Itaboraí,lmcfeater@cbslocal.com,81902245711
Son Lanfear,F,1950-01-23,18874712319,71457677,PE,Jaboatão dos Guararapes,Osvaldo Freire,slanfears@mayoclinic.com,81996387233
Leo Poulton,F,2002-09-17,78588813766,86018307,PE,Camaragibe,Vicente de Carvalho,lpoultont@marketwatch.com,81963410834
Adolpho Whyberd,F,1992-08-18,98251404950,56934082,PE,Paulista,Marquês de Maricá,awhyberdu@cyberchimps.com,81922396940
Phyllis Panter,F,1987-01-15,37504608872,64832788,PE,Recife,Osvaldo Freire,ppanterv@yale.edu,81988687932
Jacqueline McNally,F,1980-09-20,10838549395,21988257,PE,Igarassu,Acaiaca,jmcnallyw@usa.gov,81997049892
Ammamaria Tuft,M,1979-09-21,25798413319,77117233,PE,Jaboatão dos Guararapes,Rua Setúbal,atuftx@ocn.ne.jp,81908890496
Eunice Shernock,F,2017-04-25,36967272568,27285170,PE,Carpina,Vicente de Carvalho,eshernocky@phpbb.com,81930948300
Nance Helleker,M,2005-05-05,21044471203,61963123,PE,Abreu e Lima,Rua Setúbal,nhellekerz@51.la,81903788269
Reynold Belden,M,1961-07-11,17123387811,93266358,PE,Abreu e Lima,José Pessoa,rbelden10@gravatar.com,81944132481
Dulci Cason,F,1946-11-07,42029912623,34045268,PE,Camaragibe,Visconde de Itaboraí,dcason11@arstechnica.com,81979727040
Lucienne Bethune,F,1968-11-25,57951916131,66447253,PE,Olinda,Garanhuns,lbethune12@netscape.com,81964753581
Randell Galilee,F,1964-06-02,60208108041,30425521,PE,Jaboatão dos Guararapes,Rua Setúbal,rgalilee13@merriam-webster.com,81903843624
Burtie Aspden,M,1953-11-19,90742085720,40602899,PE,Jaboatão dos Guararapes,Vasco Cirquine,baspden14@cbc.ca,81905016239
Desi Gowry,M,1953-07-15,57985361526,69872071,PE,Camaragibe,Avenida Governador Agamenon Magalhães,dgowry15@spiegel.de,81992766872
Morse Narramor,F,2012-01-16,70327891160,72929726,PE,Paulista,Garanhuns,mnarramor16@github.io,81996091365
Lynnette McCooke,M,1949-07-28,3519415426,68586162,PE,Olinda,Sertanópolis,lmccooke17@meetup.com,81900285519
Curcio Norval,M,2000-11-30,5039324454,86430634,PE,Olinda,Vicente de Carvalho,cnorval18@bigcartel.com,81993433289
Gawen Lappine,M,2004-03-14,20636539201,91404681,PE,Igarassu,Sertanópolis,glappine19@weather.com,81910088870
Benjy Ayres,F,1966-06-23,43794215909,54915618,PE,Paulista,Avenida Governador Agamenon Magalhães,bayres1a@dell.com,81923221492
Zeb Bernardt,F,2000-06-04,13923674167,90619310,PE,Jaboatão dos Guararapes,Dom Lustosa,zbernardt1b@clickbank.net,81990781339
Gav Gun,M,1977-02-21,56765112693,92544621,PE,Igarassu,Rua Setúbal,ggun1c@infoseek.co.jp,81995913572
Nelie Merveille,F,1943-01-03,32749883885,55467162,PE,Igarassu,Vicente de Carvalho,nmerveille1d@mediafire.com,81972947691
Dodi Gillies,F,1962-03-08,42368308498,87332094,PE,Jaboatão dos Guararapes,Dom Lustosa,dgillies1e@seesaa.net,81987737845
Staford Danielian,F,1975-09-02,40116825991,13958967,PE,Camaragibe,Carlos Drummond,sdanielian1f@wired.com,81965926895
Mela Cejka,M,1978-08-22,82954245871,78174974,PE,Olinda,Avenida Caxangá,mcejka1g@yellowbook.com,81949840815
Jodie Openshaw,M,2003-02-16,13364850116,50473615,PE,Paulista,Rua dos Navegantes,jopenshaw1h@zimbio.com,81918029318
Vite Newby,M,1983-03-17,67146702381,83862899,PE,Paulista,Osvaldo Freire,vnewby1i@cnbc.com,81988981249
Alexandr Ralling,F,1963-01-30,53653364718,6825989,PE,Paulista,Sertanópolis,aralling1j@studiopress.com,81974485974
Mureil Durran,F,1992-10-18,67914121909,43787450,PE,Carpina,Carlos Drummond,mdurran1k@edublogs.org,81903261878
Charin Burdis,F,1959-12-17,73721838599,79604822,PE,Olinda,Avenida Engenheiro Domingos Ferreira,cburdis1l@youku.com,81906842437
Sher Brandin,F,1944-06-12,6994029780,53461619,PE,Abreu e Lima,Avenida Conselheiro Aguiar,sbrandin1m@businessinsider.com,81954005288
Holmes Atthow,F,1967-09-07,5667733896,8368652,PE,Jaboatão dos Guararapes,Sertanópolis,hatthow1n@phpbb.com,81970848460
Clemmie Lurner,M,2002-11-08,8619117993,86521727,PE,Olinda,José Pessoa,clurner1o@irs.gov,81981702945
Aliza Paulon,M,1964-12-31,3948439883,32795258,PE,Paulista,Avenida Conselheiro Aguiar,apaulon1p@ucoz.ru,81907339396
Gilberta Doodson,M,1969-09-12,44275009081,77232694,PE,Jaboatão dos Guararapes,Vasco Cirquine,gdoodson1q@paginegialle.it,81935633105
Rora Lohrensen,M,2004-10-05,90731980478,23430628,PE,Recife,Dom Lustosa,rlohrensen1r@cbsnews.com,81943950006
Duke Bedell,M,1975-08-09,49472033672,27623815,PE,Paulista,Garanhuns,dbedell1s@studiopress.com,81986400978
Afton Barson,F,2021-12-08,89662457199,20774292,PE,Olinda,Osvaldo Freire,abarson1t@icq.com,81937685507
Michelina Veel,F,1939-03-28,65012599496,51134119,PE,Jaboatão dos Guararapes,Visconde de Itaboraí,mveel1u@prlog.org,81911709541
Rhodia Durling,F,2012-07-08,63643339111,51646143,PE,Recife,Limoeiro do Norte,rdurling1v@wisc.edu,81983678739
Shina Reinbeck,F,1986-02-16,77945464258,28722349,PE,Carpina,Dom Lustosa,sreinbeck1w@google.ru,81971272782
Orazio Snalham,M,1993-11-14,13958966160,60315245,PE,Recife,Sertanópolis,osnalham1x@buzzfeed.com,81917094056
Judas McReedy,M,2001-05-10,65741206045,99083752,PE,Abreu e Lima,Rua dos Navegantes,jmcreedy1y@goo.gl,81960422343
Leticia Arntzen,F,1996-04-01,4686481785,35419786,PE,Olinda,Avenida Conselheiro Aguiar,larntzen1z@usatoday.com,81945337424
Blaire Ebden,M,1995-01-14,70458117429,66561912,PE,Jaboatão dos Guararapes,Avenida Boa Viagem,bebden20@tripadvisor.com,81920213906
Nikkie MacColl,M,1932-01-07,35124549335,74643790,PE,Olinda,Avenida Conselheiro Aguiar,nmaccoll21@quantcast.com,81926951389
Laetitia Tearle,F,2019-03-25,85208537290,53168387,PE,Carpina,Avenida Conselheiro Aguiar,ltearle22@adobe.com,81963864480
Karia Kinvig,M,1997-03-28,39057828968,89821864,PE,Abreu e Lima,Rua Francisco da Cunha,kkinvig23@feedburner.com,81957555594
Sheilakathryn Peffer,F,1956-11-01,45858773640,60278730,PE,Carpina,Marquês de Maricá,speffer24@sfgate.com,81969058502
Gabriela Boggish,F,1962-10-20,12534498059,40779732,PE,Carpina,Avenida Conselheiro Aguiar,gboggish25@google.com.hk,81940628495
Florentia Bonanno,M,1947-02-04,84175230758,13350984,PE,Recife,Pastor José Joaquim dos Santos,fbonanno26@wufoo.com,81911790535
Britte Lowe,M,2007-05-23,93005442533,28128714,PE,Olinda,Osvaldo Freire,blowe27@fastcompany.com,81919112419
Robyn Klain,F,1989-08-22,23824246405,73299332,PE,Igarassu,Avenida Conselheiro Aguiar,rklain28@uol.com.br,81937277025
Greggory Bolt,M,1941-06-25,51737041670,45432031,PE,Paulista,Sertanópolis,gbolt29@walmart.com,81908839921
Ewart Korneichik,M,1947-07-08,29612162244,20246652,PE,Olinda,Rua Setúbal,ekorneichik2a@intel.com,81940715664
Max Dundon,F,1963-01-19,423045718,27711411,PE,Carpina,Rua dos Navegantes,mdundon2b@nba.com,81958362568
Ofilia Rubinchik,F,1971-09-06,82008811284,63467564,PE,Carpina,Vasco Cirquine,orubinchik2c@ycombinator.com,81926216120
Christan Cridlon,M,1939-03-16,83371009466,3436468,PE,Recife,Vicente de Carvalho,ccridlon2d@discuz.net,81922887543
Emmett Dwane,M,1993-01-06,56540237457,31871703,PE,Olinda,Garanhuns,edwane2e@ucla.edu,81963728006
Lutero Aisbett,M,1964-12-22,41645387447,39540242,PE,Igarassu,Acaiaca,laisbett2f@gmpg.org,81982261208
Olenka Bonham,F,1947-09-04,15453476559,11296956,PE,Camaragibe,Dom Lustosa,obonham2g@oaic.gov.au,81954878220
Wilden Victory,F,1994-02-11,27529317884,70891681,PE,Igarassu,Visconde de Itaboraí,wvictory2h@buzzfeed.com,81928283092
Edmon Carsberg,M,1936-04-24,49696028653,48273029,PE,Jaboatão dos Guararapes,Limoeiro do Norte,ecarsberg2i@japanpost.jp,81980598116
Emmi Gowland,F,1957-03-17,51629745938,55118626,PE,Camaragibe,Pastor José Joaquim dos Santos,egowland2j@youtu.be,81975131434
Marijn Jirusek,M,1942-08-28,81093064352,47325127,PE,Igarassu,Rua Setúbal,mjirusek2k@tinypic.com,81968698397
Ramonda Grzesiak,M,2008-08-07,49442331473,8318561,PE,Paulista,Rua Francisco da Cunha,rgrzesiak2l@indiatimes.com,81978573192
Rudiger Blankau,F,1967-11-14,34558381398,31468132,PE,Camaragibe,Rua dos Navegantes,rblankau2m@time.com,81992508430
Issie Roalfe,F,1939-08-09,63538690349,95113277,PE,Paulista,Visconde de Itaboraí,iroalfe2n@1und1.de,81992872538
Rossie Ryton,M,1937-03-01,63290721030,34200408,PE,Jaboatão dos Guararapes,Rua dos Navegantes,rryton2o@chron.com,81986999325
Dore Scopham,M,2016-12-13,67381626219,77235409,PE,Carpina,Vasco Cirquine,dscopham2p@shareasale.com,81962629843
Hartwell Anglim,M,2001-01-23,93337970688,67856954,PE,Igarassu,Visconde de Itaboraí,hanglim2q@jigsy.com,81947032643
Rorke Mutimer,F,1951-09-15,62272651572,4954710,PE,Olinda,Visconde de Itaboraí,rmutimer2r@elpais.com,81953482679
Leonid Sporton,M,2020-05-10,96492851161,99460940,PE,Carpina,Avenida Engenheiro Domingos Ferreira,lsporton2s@mac.com,81942510433
Ulrikaumeko Flieger,M,1993-08-26,6184242903,2869484,PE,Carpina,Limoeiro do Norte,uflieger2t@omniture.com,81971942641
Cathlene Shekle,F,1990-03-13,21940527838,19843162,PE,Igarassu,Avenida Conselheiro Aguiar,cshekle2u@shareasale.com,81968256759
Emilie Billborough,F,1956-12-25,58053683802,64499442,PE,Carpina,Garanhuns,ebillborough2v@cmu.edu,81900519307
Sharleen Becraft,M,1982-07-10,53248609539,17272744,PE,Abreu e Lima,Acaiaca,sbecraft2w@shinystat.com,81919780723
Libbie Coale,F,1976-05-17,85925197601,38983510,PE,Jaboatão dos Guararapes,Rua Setúbal,lcoale2x@photobucket.com,81949889267
Eamon Broomhead,M,1935-03-11,47262492150,29519382,PE,Olinda,Avenida Engenheiro Domingos Ferreira,ebroomhead2y@wikia.com,81985505611
Issi Wetton,M,1974-06-26,37982421850,66877227,PE,Olinda,Carlos Drummond,iwetton2z@army.mil,81921123412
Quincy Moth,M,1952-07-27,94875517309,62314300,PE,Camaragibe,Dom Lustosa,qmoth30@wix.com,81906069294
Thorndike Dudley,F,1949-11-22,35634174811,77651287,PE,Igarassu,Abigail Bastos Russell,tdudley31@multiply.com,81934282473
Kimberly Humbatch,M,1998-05-09,46119649318,97241316,PE,Olinda,Rua Francisco da Cunha,khumbatch32@hud.gov,81963893625
Morse Litel,F,1963-11-14,8357651649,3272952,PE,Abreu e Lima,Rua Francisco da Cunha,mlitel33@google.de,81935669612
Bernette Lambis,F,1984-07-25,80269167326,55569481,PE,Jaboatão dos Guararapes,Avenida Governador Agamenon Magalhães,blambis34@imageshack.us,81903188781
Meridith De La Salle,M,1962-08-11,5046975188,96778129,PE,Jaboatão dos Guararapes,Dom Lustosa,mde35@arizona.edu,81948144574
Abba Sainter,F,1953-09-13,87269254226,72705310,PE,Camaragibe,Rua Francisco da Cunha,asainter36@ft.com,81938532474
Devan Zeplin,F,1950-12-31,60889909929,7136411,PE,Jaboatão dos Guararapes,Carlos Drummond,dzeplin37@dedecms.com,81965288420
Candy Francklyn,F,1955-06-04,16707637678,54040033,PE,Recife,Abigail Bastos Russell,cfrancklyn38@odnoklassniki.ru,81960561081
Mechelle MacIlurick,F,2003-05-01,54872299330,96906584,PE,Abreu e Lima,Avenida Conselheiro Aguiar,mmacilurick39@histats.com,81962084609
Kelsi Blenkin,F,1981-05-24,907758665,77917794,PE,Camaragibe,Osvaldo Freire,kblenkin3a@skype.com,81919175494
Bart Skip,M,1949-04-11,36873180689,41401938,PE,Recife,Avenida Engenheiro Domingos Ferreira,bskip3b@twitpic.com,81943253322
Alberik Hawick,F,1934-02-26,74759583816,81681779,PE,Camaragibe,Acaiaca,ahawick3c@issuu.com,81974964885
Aron Bangley,M,1941-12-16,85422191914,25915459,PE,Carpina,José Pessoa,abangley3d@storify.com,81951046015
Candis Meadmore,M,1979-01-14,48916666119,13721751,PE,Olinda,Visconde de Itaboraí,cmeadmore3e@flickr.com,81982652593
Garwood Deeprose,M,1977-09-11,12373354965,2296227,PE,Carpina,Limoeiro do Norte,gdeeprose3f@wordpress.org,81932438595
Alfie Tuting,F,1996-01-01,35171485390,77170550,PE,Olinda,Vicente de Carvalho,atuting3g@sina.com.cn,81904423315
Ranique Nuton,F,2012-12-16,86734260265,2744718,PE,Abreu e Lima,Abigail Bastos Russell,rnuton3h@hud.gov,81911374131
Zebadiah Ayars,F,2015-07-08,56579135644,60061321,PE,Recife,Visconde de Itaboraí,zayars3i@nps.gov,81954393006
Lindsy Sifflett,F,2017-10-03,18045324829,54029655,PE,Abreu e Lima,Pastor José Joaquim dos Santos,lsifflett3j@symantec.com,81920566907
Shaina Beckett,M,1939-04-05,92629642610,70476114,PE,Camaragibe,Osvaldo Freire,sbeckett3k@yale.edu,81909431726
Murielle Shawcroft,F,1954-12-08,81848481616,89590963,PE,Igarassu,Avenida Engenheiro Domingos Ferreira,mshawcroft3l@marriott.com,81936294238
Erv Lauritsen,F,1969-09-13,70510518918,32625832,PE,Igarassu,Pastor José Joaquim dos Santos,elauritsen3m@4shared.com,81927628888
Germana Waldock,M,1974-02-13,79428938255,6438470,PE,Paulista,Osvaldo Freire,gwaldock3n@ask.com,81921424403
Tome Kynder,M,1966-10-30,95374818708,71970083,PE,Paulista,Rua Francisco da Cunha,tkynder3o@technorati.com,81987444436
Charo Tompkinson,M,2006-06-19,1959680631,57502311,PE,Camaragibe,Avenida Caxangá,ctompkinson3p@privacy.gov.au,81940620393
Odie McAvinchey,M,1996-12-15,98891037650,33089802,PE,Abreu e Lima,Marquês de Maricá,omcavinchey3q@irs.gov,81982922159
Harlan Pikhno,M,1992-08-04,16756801212,9384550,PE,Carpina,Avenida Caxangá,hpikhno3r@linkedin.com,81918221944
Yardley Gianolo,M,1993-03-04,57310836484,75209921,PE,Recife,José Pessoa,ygianolo3s@amazon.co.jp,81935205006
Monroe Vynoll,M,1975-01-11,30951951847,70986944,PE,Olinda,Rua Francisco da Cunha,mvynoll3t@nbcnews.com,81980520229
Rhonda Van Oord,F,1987-09-22,6799150964,81131251,PE,Recife,Garanhuns,rvan3u@bandcamp.com,81923747228
Nita Gibard,F,2016-09-12,83838464425,66217683,PE,Camaragibe,Rua dos Navegantes,ngibard3v@vkontakte.ru,81953027094
Bea Stringer,F,2003-04-11,43564256385,84221051,PE,Abreu e Lima,Vicente de Carvalho,bstringer3w@dion.ne.jp,81919799744
Titos Scoular,F,1936-04-22,42584816239,79052740,PE,Carpina,Avenida Conselheiro Aguiar,tscoular3x@tripadvisor.com,81963360590
Filberte Tincombe,M,2014-04-07,6039294646,15520530,PE,Paulista,Visconde de Itaboraí,ftincombe3y@disqus.com,81973038529
Ava Heppner,F,2011-03-30,71634087080,60470074,PE,Recife,Osvaldo Freire,aheppner3z@imdb.com,81946091648
Adolph Domelow,F,1989-02-06,70771130696,37609445,PE,Camaragibe,Pastor José Joaquim dos Santos,adomelow40@exblog.jp,81980296986
Wallace Ferandez,M,1937-07-18,54130788796,7680700,PE,Recife,Acaiaca,wferandez41@usnews.com,81941029920
Hermy Guillotin,F,2015-06-27,7651275747,31889537,PE,Olinda,Avenida Governador Agamenon Magalhães,hguillotin42@furl.net,81983660254
Matthieu Blencoe,M,1980-04-06,42480767347,7694394,PE,Carpina,Sertanópolis,mblencoe43@imgur.com,81978849904
Vita Gange,M,2001-01-01,54885336019,8436728,PE,Camaragibe,Vicente de Carvalho,vgange44@hc360.com,81905502970
Nickie Dover,M,1984-05-26,25476197937,44826329,PE,Igarassu,Acaiaca,ndover45@lulu.com,81913347793
Amelita Forrest,M,1950-11-08,97318122156,2818049,PE,Recife,Vasco Cirquine,aforrest46@timesonline.co.uk,81924950796
Robbie Malim,F,1988-02-13,56672680766,49106384,PE,Igarassu,Rua Setúbal,rmalim47@rambler.ru,81930033554
Winny Ormonde,M,2017-03-01,61434084565,20445031,PE,Igarassu,Avenida Boa Viagem,wormonde48@com.com,81963271150
Natassia Hamer,F,1995-06-17,64470383644,57354512,PE,Paulista,Pastor José Joaquim dos Santos,nhamer49@umn.edu,81985622544
Michelle Bartlet,F,2017-05-31,89335675817,29563287,PE,Camaragibe,Avenida Engenheiro Domingos Ferreira,mbartlet4a@economist.com,81929973827
Xavier Fontenot,F,1966-04-12,93621070050,32189317,PE,Abreu e Lima,Visconde de Itaboraí,xfontenot4b@skype.com,81990411484
Demott Sandell,F,2022-05-06,9650440525,6172095,PE,Camaragibe,Vicente de Carvalho,dsandell4c@apple.com,81909443334
Brook McAllester,M,1962-03-06,71269718659,2112442,PE,Jaboatão dos Guararapes,Avenida Boa Viagem,bmcallester4d@etsy.com,81948597524
Warner Geggus,F,1996-03-22,14063554057,51975736,PE,Carpina,Rua dos Navegantes,wgeggus4e@yale.edu,81982209530
Gerri Chidwick,F,1977-04-30,76877857754,80504315,PE,Igarassu,Avenida Conselheiro Aguiar,gchidwick4f@wsj.com,81972903185
Alfie Collister,M,1977-09-07,77430437470,3315283,PE,Olinda,Sertanópolis,acollister4g@moonfruit.com,81920810940
Alfy Rowat,M,1972-02-19,89278022709,95725594,PE,Jaboatão dos Guararapes,Rua dos Navegantes,arowat4h@e-recht24.de,81965165426
Rurik Lages,M,1987-03-10,19240271897,99708908,PE,Carpina,Dom Lustosa,rlages4i@jigsy.com,81978557412
Camille Zelland,M,1963-06-09,46977383510,14702399,PE,Carpina,Vasco Cirquine,czelland4j@i2i.jp,81952811863
Tristan Ciccarelli,F,1977-05-20,21439650698,25845196,PE,Igarassu,Rua Francisco da Cunha,tciccarelli4k@xinhuanet.com,81972708696
Kimmy Mainston,M,2021-10-03,36561191938,30069635,PE,Recife,Avenida Boa Viagem,kmainston4l@storify.com,81916205539
Cristine Hawken,F,2019-09-19,56600103279,57421463,PE,Carpina,Avenida Governador Agamenon Magalhães,chawken4m@people.com.cn,81905693126
Carina Dymock,F,2013-09-19,96045191658,12194015,PE,Camaragibe,Pastor José Joaquim dos Santos,cdymock4n@mediafire.com,81913807921
Simeon Nettle,M,1999-03-26,56830492731,63411113,PE,Igarassu,Carlos Drummond,snettle4o@latimes.com,81901980414
Arlie Leuren,F,1940-07-04,7919654468,91248537,PE,Paulista,Rua Francisco da Cunha,aleuren4p@multiply.com,81903199286
Hobart Showt,M,1945-11-02,11912447048,33132196,PE,Recife,Avenida Engenheiro Domingos Ferreira,hshowt4q@huffingtonpost.com,81996778334
Yetty Hanhard,F,1957-08-20,58023969206,14464354,PE,Paulista,Dom Lustosa,yhanhard4r@biglobe.ne.jp,81997477248
Bendick Halloran,M,1963-02-23,99888635546,28939819,PE,Paulista,Rua Setúbal,bhalloran4s@people.com.cn,81959696155
Bret Yerlett,M,2012-06-25,76411313947,60618685,PE,Abreu e Lima,Rua Francisco da Cunha,byerlett4t@wp.com,81915000556
Madelina Crane,F,1990-07-24,64540371538,46303319,PE,Paulista,Rua Francisco da Cunha,mcrane4u@addtoany.com,81928122602
Abbey Wanklin,M,1948-11-25,13681886469,97845556,PE,Camaragibe,Visconde de Itaboraí,awanklin4v@youtu.be,81940669048
Zabrina Paquet,M,1969-09-28,60110114934,2183710,PE,Camaragibe,Rua Setúbal,zpaquet4w@weibo.com,81914610975
Madeline Amber,M,1993-03-26,52380101304,77979459,PE,Carpina,Avenida Conselheiro Aguiar,mamber4x@w3.org,81963306654
Penelopa Ramirez,M,1933-03-16,69409101817,55332197,PE,Jaboatão dos Guararapes,Osvaldo Freire,pramirez4y@digg.com,81941748320
Johanna Craddy,M,2010-11-15,74095556694,57834002,PE,Igarassu,Carlos Drummond,jcraddy4z@tumblr.com,81937327585
Romain Albion,M,1957-02-08,31065577961,998015,PE,Camaragibe,Avenida Governador Agamenon Magalhães,ralbion50@reddit.com,81922320410
Pearline Whittles,F,1932-05-18,32602196846,28390429,PE,Jaboatão dos Guararapes,Garanhuns,pwhittles51@exblog.jp,81994537394
Kirk Kinney,F,1959-12-29,37565713394,92906095,PE,Carpina,José Pessoa,kkinney52@furl.net,81950448426
Darnell Grent,F,1947-06-20,1394343758,64193059,PE,Olinda,Limoeiro do Norte,dgrent53@networkadvertising.org,81988855699
Brandtr Hazelton,M,1952-11-29,72469736125,45628658,PE,Olinda,Osvaldo Freire,bhazelton54@adobe.com,81921907750
Stanislaus Barzen,F,1941-09-27,14677069398,76932443,PE,Igarassu,José Pessoa,sbarzen55@theguardian.com,81970439131
Francisca Farrar,M,2009-02-08,21839358626,36188817,PE,Abreu e Lima,Acaiaca,ffarrar56@blogger.com,81916231804
Ruthann Orth,M,2010-06-08,63503892927,2901149,PE,Igarassu,José Pessoa,rorth57@pinterest.com,81980000562
Sigvard Philbin,F,2018-04-08,53452372373,33983210,PE,Abreu e Lima,Vasco Cirquine,sphilbin58@furl.net,81919398664
Jemimah O'Longain,M,2009-08-04,26083538782,26025902,PE,Jaboatão dos Guararapes,Avenida Caxangá,jolongain59@twitpic.com,81987348209
Jaynell Mcall,M,1940-09-12,3106084068,24707473,PE,Paulista,Vicente de Carvalho,jmcall5a@harvard.edu,81930230063
Galvan Toderi,M,1981-10-10,93081726337,58215496,PE,Carpina,Dom Lustosa,gtoderi5b@hao123.com,81963115641
Gwenny Alvarado,F,1976-09-10,13728456286,39738728,PE,Jaboatão dos Guararapes,Avenida Conselheiro Aguiar,galvarado5c@google.it,81956838055
Donetta Vasenkov,F,1936-12-13,716720941,31798717,PE,Abreu e Lima,Avenida Boa Viagem,dvasenkov5d@ed.gov,81949679331
Fleurette Morkham,F,1987-11-29,21787927667,93605398,PE,Recife,Vicente de Carvalho,fmorkham5e@dagondesign.com,81966202766
Elene Marzele,M,1974-03-06,51203227487,93994771,PE,Igarassu,Rua dos Navegantes,emarzele5f@chicagotribune.com,81954734877
Pepillo Wetherald,M,1937-12-08,4359579245,40955881,PE,Paulista,Marquês de Maricá,pwetherald5g@devhub.com,81907634765
Ruttger Darcey,F,1988-11-06,33968068036,9267648,PE,Carpina,Acaiaca,rdarcey5h@state.gov,81981436876
Teodorico Browse,M,2006-08-08,87841551186,38611326,PE,Carpina,Rua dos Navegantes,tbrowse5i@goodreads.com,81951307390
Vicky Charte,M,2008-10-24,61273394521,62031713,PE,Igarassu,Avenida Engenheiro Domingos Ferreira,vcharte5j@qq.com,81942643609
Gisela Sreenan,M,2002-01-24,33876466138,34845542,PE,Igarassu,Rua Francisco da Cunha,gsreenan5k@blogger.com,81949393903
Fred Wedon,M,1967-04-20,95384373471,53043310,PE,Igarassu,Avenida Governador Agamenon Magalhães,fwedon5l@example.com,81901120604
Prissie Peet,M,2011-10-29,14161255993,40180045,PE,Paulista,Dom Lustosa,ppeet5m@pinterest.com,81970651013
Grantley Burdett,F,1981-09-20,88666616541,69795356,PE,Carpina,Avenida Engenheiro Domingos Ferreira,gburdett5n@va.gov,81939750290
Lorna Reuter,M,1938-03-11,92385912909,28538072,PE,Abreu e Lima,Carlos Drummond,lreuter5o@businessinsider.com,81969705010
Franky Tutchings,F,1974-11-27,26206929899,72870603,PE,Recife,Visconde de Itaboraí,ftutchings5p@google.nl,81953520523
Viole Jorio,F,1986-03-20,20813410828,89688175,PE,Camaragibe,Pastor José Joaquim dos Santos,vjorio5q@artisteer.com,81985429065
Ginger Hazlegrove,F,1995-08-20,62361326909,40753479,PE,Igarassu,Visconde de Itaboraí,ghazlegrove5r@sfgate.com,81968410306
Libby Tong,F,2019-04-06,2077254583,27617829,PE,Olinda,Rua Setúbal,ltong5s@geocities.jp,81942339024
Jo-ann Avieson,M,1995-11-01,7036197540,96542273,PE,Paulista,Pastor José Joaquim dos Santos,javieson5t@nba.com,81970822608
Ileana Huckfield,F,1958-03-23,85489715810,11498889,PE,Recife,Pastor José Joaquim dos Santos,ihuckfield5u@furl.net,81925032106
Jessalin Erett,F,1958-03-07,47859739279,36920875,PE,Carpina,Garanhuns,jerett5v@skype.com,81978819831
Katalin Ennew,M,1962-09-11,27352913146,20145586,PE,Jaboatão dos Guararapes,Visconde de Itaboraí,kennew5w@google.co.uk,81974645700
Ana Kersley,M,1981-01-04,4967830746,92685599,PE,Recife,Osvaldo Freire,akersley5x@businessweek.com,81901806514
Helenelizabeth Macconachy,F,2009-06-30,21276947532,97298616,PE,Olinda,Rua Setúbal,hmacconachy5y@symantec.com,81932111479
Mei Cock,F,1945-07-17,84809854622,90951744,PE,Abreu e Lima,Visconde de Itaboraí,mcock5z@earthlink.net,81914586490
Merilee Auger,F,1943-07-25,55229689285,25907669,PE,Abreu e Lima,Pastor José Joaquim dos Santos,mauger60@ifeng.com,81965065446
Alberik Karppi,M,1933-06-30,83481835630,58450292,PE,Jaboatão dos Guararapes,Acaiaca,akarppi61@arstechnica.com,81948468816
Ynez Habbert,M,1991-07-09,28371240358,59770610,PE,Carpina,Marquês de Maricá,yhabbert62@dailymail.co.uk,81986045733
Roxanne Collinwood,F,1980-03-14,7097969878,16653579,PE,Recife,Rua Francisco da Cunha,rcollinwood63@twitter.com,81935464178
Orrin Pattillo,F,2017-12-14,48654034288,29613009,PE,Paulista,Avenida Governador Agamenon Magalhães,opattillo64@home.pl,81956674591
Filippa Bank,M,1999-10-15,62196389835,62043893,PE,Igarassu,Avenida Caxangá,fbank65@php.net,81975353456
Jillian Banthorpe,M,1950-05-15,66117520216,23579668,PE,Abreu e Lima,Vasco Cirquine,jbanthorpe66@google.co.uk,81976476534
Sayres Wigfall,F,2004-06-19,30332653943,89345319,PE,Paulista,Limoeiro do Norte,swigfall67@unblog.fr,81966160592
Scarface Knutton,M,2012-09-13,24879275809,39304736,PE,Jaboatão dos Guararapes,Acaiaca,sknutton68@umich.edu,81938042641
Brucie Paulsson,M,1939-07-05,85877715735,32265886,PE,Abreu e Lima,Marquês de Maricá,bpaulsson69@hhs.gov,81933324088
Mill Yeell,M,2000-07-28,60170821988,98599649,PE,Carpina,Rua dos Navegantes,myeell6a@boston.com,81943353852
Dasie Samworth,F,1938-04-05,70559941016,37314494,PE,Carpina,Visconde de Itaboraí,dsamworth6b@newyorker.com,81956969274
Sergent Maingot,F,2018-08-19,35004838790,68997665,PE,Jaboatão dos Guararapes,Abigail Bastos Russell,smaingot6c@posterous.com,81970185265
Gayler Poleye,M,1984-09-15,43328036528,81670495,PE,Olinda,Avenida Engenheiro Domingos Ferreira,gpoleye6d@psu.edu,81924051172
Sayre Jewks,F,2019-11-26,56631695667,29291739,PE,Carpina,Sertanópolis,sjewks6e@dion.ne.jp,81901114911
Dionisio Eaglestone,F,1968-05-21,51825470965,49341278,PE,Igarassu,Abigail Bastos Russell,deaglestone6f@yelp.com,81997970197
Alyosha Erickson,M,1989-01-21,24111016270,26772569,PE,Abreu e Lima,Avenida Engenheiro Domingos Ferreira,aerickson6g@yahoo.com,81993850405
Simonette Crutchfield,M,2018-08-02,62087209383,10594403,PE,Jaboatão dos Guararapes,Rua Francisco da Cunha,scrutchfield6h@etsy.com,81985816245
Jesse Shouler,M,2001-02-13,37617980973,6332334,PE,Abreu e Lima,Avenida Caxangá,jshouler6i@delicious.com,81924277352
Arnie Topham,M,1996-10-19,5581773101,21188101,PE,Paulista,Abigail Bastos Russell,atopham6j@wiley.com,81926181018
Aristotle Folder,M,1978-01-05,14475664196,21638078,PE,Igarassu,Avenida Caxangá,afolder6k@ask.com,81992286995
Patrizius Gostling,F,2000-07-08,36029051031,26708340,PE,Jaboatão dos Guararapes,Rua Francisco da Cunha,pgostling6l@about.me,81964025148
Munroe Humerstone,M,2020-12-03,95796316836,10958117,PE,Camaragibe,Dom Lustosa,mhumerstone6m@abc.net.au,81953722029
Becki De Souza,F,1930-09-11,30704644737,28392508,PE,Olinda,Avenida Governador Agamenon Magalhães,bde6n@jalbum.net,81944383074
Rossie Rigard,M,1977-02-18,99257693781,79379664,PE,Abreu e Lima,Avenida Boa Viagem,rrigard6o@mtv.com,81913799278
Kerrin Cleaver,M,1963-01-05,67660861495,67522041,PE,Olinda,Pastor José Joaquim dos Santos,kcleaver6p@histats.com,81998282595
Amandi Parkes,M,2016-09-16,59825138330,44634780,PE,Jaboatão dos Guararapes,Avenida Governador Agamenon Magalhães,aparkes6q@gizmodo.com,81998353352
Hi Bissett,F,1981-06-18,29041162381,36907362,PE,Olinda,Marquês de Maricá,hbissett6r@flavors.me,81937233012
Barn Lettuce,F,1941-12-08,90260255849,67823794,PE,Recife,Avenida Boa Viagem,blettuce6s@ow.ly,81976243127
Novelia Martinyuk,M,1951-11-09,32891460021,20868793,PE,Igarassu,Vasco Cirquine,nmartinyuk6t@army.mil,81910917621
Gracia Dewis,F,1975-01-03,56767130792,79699200,PE,Paulista,Carlos Drummond,gdewis6u@webnode.com,81988597139
Kessiah Nobbs,F,1996-05-13,71364215923,1231843,PE,Paulista,Vicente de Carvalho,knobbs6v@omniture.com,81922864930
Viviene Dominguez,F,2001-08-10,96460158321,94766355,PE,Recife,Visconde de Itaboraí,vdominguez6w@yandex.ru,81929807597
Garnet Gabites,M,1970-09-06,4401613718,46476088,PE,Jaboatão dos Guararapes,Avenida Boa Viagem,ggabites6x@plala.or.jp,81914492112
Maddalena Gentile,M,1981-06-27,31949919298,79958843,PE,Paulista,Acaiaca,mgentile6y@chron.com,81990631234
Rosalia Suatt,M,1982-02-05,27724371210,38955675,PE,Paulista,Rua Setúbal,rsuatt6z@twitpic.com,81975938271
Tibold Olliff,M,2002-02-19,19219388463,23531769,PE,Abreu e Lima,Avenida Governador Agamenon Magalhães,tolliff70@nature.com,81993730149
Perice Curwood,M,2007-08-19,98334365239,32162864,PE,Abreu e Lima,Avenida Boa Viagem,pcurwood71@facebook.com,81906942221
Kin Stodit,F,2008-10-01,54598051004,17504509,PE,Igarassu,Garanhuns,kstodit72@shop-pro.jp,81947986173
Shelia MacGilpatrick,M,1993-11-07,74480355133,22685951,PE,Camaragibe,Marquês de Maricá,smacgilpatrick73@delicious.com,81917739694
Adan O'Doogan,F,2021-04-24,32001812142,71181462,PE,Recife,Garanhuns,aodoogan74@goo.gl,81915082656
Gage Camerana,M,1993-03-18,22407241458,53947659,PE,Jaboatão dos Guararapes,Rua dos Navegantes,gcamerana75@joomla.org,81918600060
Michaeline Basterfield,F,1979-12-04,9676706723,78724872,PE,Olinda,Pastor José Joaquim dos Santos,mbasterfield76@google.nl,81901726705
Em Gosnall,F,1949-06-22,27366149229,87459340,PE,Abreu e Lima,Rua Setúbal,egosnall77@skyrock.com,81927974050
Ellwood Vieyra,M,2014-04-07,97161781461,1523001,PE,Jaboatão dos Guararapes,Garanhuns,evieyra78@ca.gov,81920702885
Caro Panniers,F,2020-09-11,897049702,57387176,PE,Igarassu,Abigail Bastos Russell,cpanniers79@e-recht24.de,81960008213
Brooks McKeag,F,1954-03-06,93453758278,2142381,PE,Olinda,Rua Francisco da Cunha,bmckeag7a@mysql.com,81958148060
Timmi Chaloner,F,1975-10-05,65560980732,29247215,PE,Recife,Avenida Boa Viagem,tchaloner7b@google.ca,81982354017
Carter MacMichael,M,1953-09-30,90574443567,39060217,PE,Olinda,Rua dos Navegantes,cmacmichael7c@wisc.edu,81931480437
Alfy Breeder,F,2017-02-11,24294829011,38233761,PE,Recife,Limoeiro do Norte,abreeder7d@privacy.gov.au,81907480332
Chelsie Scannell,F,1975-01-27,11568859399,91813049,PE,Carpina,Abigail Bastos Russell,cscannell7e@slideshare.net,81959673709
Deny De Beauchemp,M,1985-02-09,1551119612,69599439,PE,Olinda,Avenida Boa Viagem,dde7f@xinhuanet.com,81925528924
Der Goodbarr,F,1991-08-24,94895950732,76916190,PE,Carpina,Sertanópolis,dgoodbarr7g@vkontakte.ru,81910243809
Sadella Arendsen,M,2021-09-03,39875817360,43744816,PE,Carpina,Acaiaca,sarendsen7h@forbes.com,81987615258
Saleem Merriment,F,2016-06-21,15246204748,21303569,PE,Olinda,Carlos Drummond,smerriment7i@gov.uk,81929467986
Gabbie Mountstephen,M,1978-05-09,61785533895,36779930,PE,Igarassu,Vasco Cirquine,gmountstephen7j@tiny.cc,81951457026
Rea Beceril,M,1971-06-27,96009953368,52446380,PE,Jaboatão dos Guararapes,Vasco Cirquine,rbeceril7k@amazon.co.jp,81931588166
Sol Georg,M,1982-11-03,16521800634,78677735,PE,Paulista,Acaiaca,sgeorg7l@webmd.com,81977609359
Daffie Dumphries,M,1931-08-10,11468992449,81571748,PE,Olinda,José Pessoa,ddumphries7m@oakley.com,81927931464
Daniella Tillman,F,1983-07-26,50547365154,18399997,PE,Igarassu,Garanhuns,dtillman7n@squarespace.com,81920732419
Adora Don,F,1975-05-15,29322237272,4807340,PE,Olinda,Rua Francisco da Cunha,adon7o@pbs.org,81994658852
Betsy Magarrell,M,2019-07-05,83031861771,48443605,PE,Igarassu,Osvaldo Freire,bmagarrell7p@dyndns.org,81910860835
Keefer Leipold,F,2000-12-10,79892974366,21200007,PE,Jaboatão dos Guararapes,Avenida Conselheiro Aguiar,kleipold7q@scribd.com,81967091211
Nisse Izak,M,1976-10-04,22521030615,68301737,PE,Paulista,Marquês de Maricá,nizak7r@ezinearticles.com,81923565489
Karly Ablett,F,1982-11-30,91383450847,7709386,PE,Jaboatão dos Guararapes,Osvaldo Freire,kablett7s@cloudflare.com,81929927399
Daloris Duckit,F,1931-07-21,46751689267,71571408,PE,Carpina,Avenida Conselheiro Aguiar,dduckit7t@irs.gov,81930733648
Frederique Fogg,F,2018-08-08,20122905732,55677804,PE,Recife,Abigail Bastos Russell,ffogg7u@squidoo.com,81966639450
Gary Dalley,F,1955-11-06,12920593769,39282466,PE,Carpina,Abigail Bastos Russell,gdalley7v@drupal.org,81978711699
Bronson Moat,M,1935-01-03,93743458525,70286799,PE,Olinda,Visconde de Itaboraí,bmoat7w@hc360.com,81953679821
Deny Clashe,F,1954-07-21,37995355864,93400558,PE,Carpina,Vasco Cirquine,dclashe7x@ameblo.jp,81988078110
Glory Bendixen,M,1952-09-29,51341999439,22935453,PE,Olinda,Avenida Caxangá,gbendixen7y@samsung.com,81928340338
Grace Butting,F,1982-10-06,74188530778,54012677,PE,Abreu e Lima,Vicente de Carvalho,gbutting7z@yolasite.com,81971783866
Katusha Preston,F,1987-11-21,96896861099,62598647,PE,Igarassu,Avenida Caxangá,kpreston80@bloglovin.com,81910482662
Hali Timlin,F,1935-12-25,89692015063,70187205,PE,Jaboatão dos Guararapes,Abigail Bastos Russell,htimlin81@constantcontact.com,81905037858
Riley Krauss,F,2021-10-26,17270875663,6101284,PE,Recife,Avenida Boa Viagem,rkrauss82@cisco.com,81915199112
Elbert Stanhope,M,1936-01-18,31873178022,27616112,PE,Camaragibe,Avenida Boa Viagem,estanhope83@freewebs.com,81933876498
Christal Rainsbury,M,1981-07-25,75249179727,3891351,PE,Igarassu,Vasco Cirquine,crainsbury84@shinystat.com,81966850450
Sigrid Bannard,M,1955-03-22,98015870351,29719140,PE,Igarassu,Avenida Caxangá,sbannard85@independent.co.uk,81980239627
Hurlee Gillespey,F,2019-09-24,3801372673,90982244,PE,Igarassu,Visconde de Itaboraí,hgillespey86@umich.edu,81904547078
Ardis Sammons,F,1968-03-18,37624889214,66752859,PE,Camaragibe,Acaiaca,asammons87@quantcast.com,81940302995
Billi Jearum,F,1979-07-30,26143224749,7582468,PE,Paulista,Vicente de Carvalho,bjearum88@admin.ch,81911407809
Juliann Hans,M,1943-02-27,49138751696,20743840,PE,Jaboatão dos Guararapes,Avenida Boa Viagem,jhans89@ezinearticles.com,81999171355
Doe Yuille,M,1987-07-14,17578528991,75627047,PE,Igarassu,Avenida Caxangá,dyuille8a@netscape.com,81994231444
Ailsun Hallen,M,1989-04-27,14156405712,52922830,PE,Camaragibe,Avenida Caxangá,ahallen8b@mac.com,81930298303
Josee Ortiga,M,1977-02-06,33932144072,86649005,PE,Recife,Carlos Drummond,jortiga8c@tiny.cc,81991985941
Nial Alekseev,F,1970-03-14,40446407607,10962175,PE,Paulista,Osvaldo Freire,nalekseev8d@smh.com.au,81916812212
Flossy Sprackling,F,1992-08-03,91724306632,94762179,PE,Olinda,Avenida Boa Viagem,fsprackling8e@cbc.ca,81964235346
Teressa Schulken,F,1988-07-18,46463267842,4138946,PE,Jaboatão dos Guararapes,Rua dos Navegantes,tschulken8f@marketwatch.com,81986296480
Emanuel Linne,M,2022-02-20,54058818957,43075456,PE,Olinda,Limoeiro do Norte,elinne8g@dailymail.co.uk,81928835128
Jorge Dunge,M,1994-09-24,84275035321,15842270,PE,Jaboatão dos Guararapes,Limoeiro do Norte,jdunge8h@prlog.org,81933661000
Belia Tooker,F,1938-04-10,60182695925,56595677,PE,Igarassu,Avenida Conselheiro Aguiar,btooker8i@people.com.cn,81934712994
Jammal Beatson,F,1999-07-22,84656028539,96318954,PE,Igarassu,Rua dos Navegantes,jbeatson8j@constantcontact.com,81920192615
Garwood Ladbrooke,M,2000-06-23,78406294388,24979449,PE,Camaragibe,Rua dos Navegantes,gladbrooke8k@bizjournals.com,81971568532
Arlyne Tuerena,F,1964-06-18,23835115582,31141175,PE,Recife,Avenida Governador Agamenon Magalhães,atuerena8l@businessweek.com,81926919944
Saundra Fielder,F,2021-03-19,34880330177,10190674,PE,Igarassu,Sertanópolis,sfielder8m@go.com,81926689750
Marcos Dyne,F,2012-12-13,48665956956,6200790,PE,Camaragibe,Vasco Cirquine,mdyne8n@wikipedia.org,81913198228
Sonny Gillman,M,1974-12-16,52460733510,76824583,PE,Camaragibe,José Pessoa,sgillman8o@discuz.net,81917966260
Erasmus Fache,F,1993-07-12,16174658259,35690437,PE,Igarassu,Avenida Caxangá,efache8p@privacy.gov.au,81989550712
Eartha Tschersich,F,1953-06-04,26562154505,12372052,PE,Igarassu,Sertanópolis,etschersich8q@themeforest.net,81987182199
Bjorn Clyburn,F,1976-07-12,18131411875,80887133,PE,Recife,Rua Francisco da Cunha,bclyburn8r@netvibes.com,81913329639
Juliane Yurkevich,F,2019-01-12,9103535175,24360567,PE,Jaboatão dos Guararapes,Avenida Conselheiro Aguiar,jyurkevich8s@hhs.gov,81948084962
Marcelline Lowe,M,1946-10-26,45194864233,18158015,PE,Igarassu,Rua dos Navegantes,mlowe8t@wordpress.com,81972676542
Annora Charlwood,M,1940-04-24,62248847958,49760899,PE,Abreu e Lima,Acaiaca,acharlwood8u@indiatimes.com,81920384739
Isidor Lamboll,M,1966-03-18,77890444602,85598549,PE,Carpina,Acaiaca,ilamboll8v@statcounter.com,81923592825
Fidela Platt,F,1958-06-17,56695249926,50981573,PE,Jaboatão dos Guararapes,Vasco Cirquine,fplatt8w@illinois.edu,81909852185
Rodney Surfleet,M,1984-05-16,86522175392,24186761,PE,Abreu e Lima,Rua Francisco da Cunha,rsurfleet8x@cbslocal.com,81932017654
Leo Ianson,M,1934-10-28,30682570164,5386251,PE,Igarassu,Avenida Governador Agamenon Magalhães,lianson8y@phpbb.com,81991123048
Bord Zuann,M,1981-02-16,55391427121,11507541,PE,Abreu e Lima,Acaiaca,bzuann8z@people.com.cn,81989230832
Claresta Kindleside,F,1987-03-04,2279234559,10304740,PE,Abreu e Lima,Osvaldo Freire,ckindleside90@quantcast.com,81922886346
Josy Finder,M,1990-11-08,41157779892,62418118,PE,Jaboatão dos Guararapes,Vasco Cirquine,jfinder91@redcross.org,81915347555
Onofredo Coolahan,M,1956-10-23,78328512544,97485914,PE,Carpina,Acaiaca,ocoolahan92@mac.com,81930174030
Angie Ashurst,F,1963-05-14,46013266342,518533,PE,Carpina,Vasco Cirquine,aashurst93@fotki.com,81977101696
Salaidh Frizzell,F,1991-03-21,24072152037,31830873,PE,Carpina,Rua Setúbal,sfrizzell94@usgs.gov,81909968897
Sarene Silkston,F,2016-04-10,28447187620,31607616,PE,Abreu e Lima,José Pessoa,ssilkston95@tamu.edu,81941144530
Corie Seakes,F,1941-03-24,58314601284,74001502,PE,Abreu e Lima,Avenida Boa Viagem,cseakes96@cyberchimps.com,81901558090
Riordan Prophet,M,1937-06-24,71076167102,36543116,PE,Igarassu,Avenida Governador Agamenon Magalhães,rprophet97@intel.com,81983955378
Ashlan Wadwell,F,1971-11-15,15610342668,52376056,PE,Jaboatão dos Guararapes,Vicente de Carvalho,awadwell98@sourceforge.net,81939791843
Michelina Cregeen,F,1990-07-08,88688288382,66091102,PE,Paulista,Sertanópolis,mcregeen99@howstuffworks.com,81921072383
Nevile Momery,F,1959-04-18,16139513918,58640218,PE,Igarassu,José Pessoa,nmomery9a@goodreads.com,81996541358
Konstance Porritt,M,1955-11-16,33627202022,86430401,PE,Jaboatão dos Guararapes,Rua Francisco da Cunha,kporritt9b@hostgator.com,81972913246
Bellanca Neaverson,F,1953-07-26,93362560470,57657704,PE,Camaragibe,Avenida Caxangá,bneaverson9c@unesco.org,81932094419
Chandra Craigmile,F,1987-01-01,9539548995,77907924,PE,Recife,Abigail Bastos Russell,ccraigmile9d@time.com,81981839773
Matteo Greiswood,M,1984-09-18,18574521157,49797230,PE,Carpina,Rua Setúbal,mgreiswood9e@symantec.com,81989935789
Joly Sly,F,1985-11-11,84055578928,42741834,PE,Recife,Rua Setúbal,jsly9f@berkeley.edu,81987043528
Cameron Dafter,M,1961-10-04,53881416281,94017749,PE,Jaboatão dos Guararapes,Pastor José Joaquim dos Santos,cdafter9g@linkedin.com,81993794095
Joana Bottoner,F,2021-02-19,69928988854,14687777,PE,Igarassu,Sertanópolis,jbottoner9h@jugem.jp,81911005738
Marris McBeth,M,1999-09-19,92888154902,47811869,PE,Olinda,Avenida Boa Viagem,mmcbeth9i@msn.com,81910020556
Cristal Applewhaite,M,2011-12-10,98426747847,88495965,PE,Recife,Avenida Conselheiro Aguiar,capplewhaite9j@cmu.edu,81912632112
Floris Mundwell,M,2019-03-11,4048133586,54820420,PE,Abreu e Lima,Acaiaca,fmundwell9k@forbes.com,81924304809
Rori Chedgey,M,1968-08-22,64128692864,67342310,PE,Recife,Avenida Conselheiro Aguiar,rchedgey9l@upenn.edu,81925607854
Orazio Blethin,F,1979-08-24,38650886054,65618191,PE,Olinda,Avenida Engenheiro Domingos Ferreira,oblethin9m@com.com,81920493636
Catarina Domel,F,1988-12-30,95871790226,93625699,PE,Paulista,Avenida Conselheiro Aguiar,cdomel9n@youku.com,81977398072
Barnabas Postance,M,1942-11-20,85046596874,11456042,PE,Jaboatão dos Guararapes,Avenida Governador Agamenon Magalhães,bpostance9o@jimdo.com,81986842366
Phelia Hallede,F,2000-10-17,34277324863,57817161,PE,Carpina,Avenida Caxangá,phallede9p@woothemes.com,81938893844
Carver Drewery,M,1950-05-27,94591710246,15529922,PE,Igarassu,Limoeiro do Norte,cdrewery9q@miitbeian.gov.cn,81984552254
Callean Wilkennson,M,1967-10-29,11390940679,28373436,PE,Paulista,Abigail Bastos Russell,cwilkennson9r@sciencedirect.com,81907883301
Merrilee Dewerson,F,2000-03-30,46452571047,26625948,PE,Camaragibe,Rua Setúbal,mdewerson9s@adobe.com,81975499394
Reinhard Krol,M,2014-06-13,77015345357,4017644,PE,Igarassu,Pastor José Joaquim dos Santos,rkrol9t@youku.com,81923157289
Sophie Foxon,M,1979-03-19,19924167569,49262514,PE,Olinda,Carlos Drummond,sfoxon9u@prnewswire.com,81945097969
Art Harrismith,F,1931-01-04,49260198169,65145824,PE,Camaragibe,Acaiaca,aharrismith9v@dell.com,81962975411
Shayla McGarrahan,M,2016-09-26,83834841853,67725972,PE,Camaragibe,Visconde de Itaboraí,smcgarrahan9w@linkedin.com,81992213500
Barthel McAulay,F,1964-01-08,28900530899,78052173,PE,Jaboatão dos Guararapes,José Pessoa,bmcaulay9x@nbcnews.com,81970537714
Carma Antognelli,F,1995-04-12,102878592,6039726,PE,Abreu e Lima,Acaiaca,cantognelli9y@yelp.com,81952933801
Lilyan Duckitt,F,1961-10-12,69040609858,24431957,PE,Jaboatão dos Guararapes,Avenida Caxangá,lduckitt9z@youtu.be,81917851069
Bennie Durtnal,M,1987-11-06,13586329449,94539623,PE,Camaragibe,Avenida Boa Viagem,bdurtnala0@theglobeandmail.com,81910994253
Mandie Songest,M,2020-07-03,1873457543,8349675,PE,Recife,Marquês de Maricá,msongesta1@homestead.com,81970670403
Roxanna Beyn,F,1939-02-18,96674401984,27777986,PE,Camaragibe,Pastor José Joaquim dos Santos,rbeyna2@posterous.com,81998315012
Hilarius Patesel,F,2007-06-02,32911654294,74140785,PE,Olinda,Pastor José Joaquim dos Santos,hpatesela3@vkontakte.ru,81914651746
Carlen Beynkn,F,1951-02-18,27827247193,21446427,PE,Paulista,Vasco Cirquine,cbeynkna4@furl.net,81996274740
Emmery Kinker,M,1942-02-20,48553939823,5603862,PE,Igarassu,Sertanópolis,ekinkera5@hhs.gov,81960191287
Shela Allin,M,1995-08-26,80447969922,41235053,PE,Paulista,Abigail Bastos Russell,sallina6@stanford.edu,81946859803
Kimberlyn Paling,F,2000-07-12,69222887245,3893318,PE,Igarassu,Garanhuns,kpalinga7@360.cn,81927239672
Bibby Drury,F,1982-01-07,54904269251,45974753,PE,Camaragibe,Avenida Conselheiro Aguiar,bdrurya8@vimeo.com,81980677615
Rhiamon Aplin,F,1935-04-18,81356944307,78788901,PE,Olinda,Pastor José Joaquim dos Santos,raplina9@accuweather.com,81944411476
Jennee Drewry,F,2018-08-21,19616475256,55494294,PE,Paulista,Rua dos Navegantes,jdrewryaa@dyndns.org,81932839896
Alika Klimentov,M,1986-12-28,23773263148,28115322,PE,Camaragibe,Rua Setúbal,aklimentovab@umich.edu,81901859395
Mignon Meatyard,M,1973-10-09,19184949267,80973717,PE,Recife,Vicente de Carvalho,mmeatyardac@reference.com,81975752594
Knox Borles,F,1977-09-18,929628290,82120210,PE,Paulista,Avenida Governador Agamenon Magalhães,kborlesad@patch.com,81924694804
Freida Peacey,F,1938-12-09,70528359041,40461111,PE,Olinda,Rua dos Navegantes,fpeaceyae@nyu.edu,81997468806
Edgardo Brunotti,M,1969-11-03,30982549068,24849830,PE,Carpina,Marquês de Maricá,ebrunottiaf@sun.com,81967594799
Richie Dimic,M,1965-05-06,50210378141,82761317,PE,Olinda,Vicente de Carvalho,rdimicag@gnu.org,81950574760
Lew Luscott,M,2003-08-17,78326211172,72331814,PE,Igarassu,Dom Lustosa,lluscottah@bloomberg.com,81939021131
Viki Lansberry,M,2002-12-26,81333166820,45226864,PE,Recife,Carlos Drummond,vlansberryai@aol.com,81952111144
Harley Wiggett,M,1937-03-28,5051653271,64208649,PE,Olinda,Limoeiro do Norte,hwiggettaj@nasa.gov,81991539630
Ekaterina Rideout,M,2012-10-26,98035952096,68294003,PE,Carpina,Avenida Conselheiro Aguiar,erideoutak@wordpress.com,81916112622
Grier Barabisch,M,1933-09-12,96120130437,54556094,PE,Jaboatão dos Guararapes,Rua Setúbal,gbarabischal@cargocollective.com,81990514990
Chris Parcells,F,1937-12-22,42086543996,44101016,PE,Camaragibe,Visconde de Itaboraí,cparcellsam@shutterfly.com,81907869286
Egan McBratney,F,2016-04-10,99958785815,28199033,PE,Camaragibe,Avenida Governador Agamenon Magalhães,emcbratneyan@amazon.de,81952537807
Kasey Sweedy,F,2022-05-11,14671274130,51230235,PE,Camaragibe,Sertanópolis,ksweedyao@hatena.ne.jp,81943173162
Hermy Zamorrano,M,2013-03-12,36541652154,69273151,PE,Abreu e Lima,Abigail Bastos Russell,hzamorranoap@howstuffworks.com,81933203162
Stormy Houndsom,M,1965-03-03,39608387158,2129373,PE,Paulista,Osvaldo Freire,shoundsomaq@google.ru,81977076542
Erda Canland,M,2018-10-26,16096159230,46663329,PE,Jaboatão dos Guararapes,Avenida Boa Viagem,ecanlandar@nasa.gov,81943144425
Sanderson Shimmin,F,1960-02-13,18741751124,91882473,PE,Jaboatão dos Guararapes,Acaiaca,sshimminas@adobe.com,81992884300
Friederike Flower,M,2003-06-17,59241352462,24642417,PE,Carpina,Vicente de Carvalho,fflowerat@stanford.edu,81956788791
Caresse Maraga,F,1952-10-18,6304575684,46121926,PE,Camaragibe,Vicente de Carvalho,cmaragaau@shareasale.com,81992795021
Asia Butterick,M,1931-08-03,24984807285,74083270,PE,Carpina,Avenida Caxangá,abutterickav@hud.gov,81987637016
Yalonda Brighouse,F,1965-05-29,31483546594,51451894,PE,Paulista,Rua Setúbal,ybrighouseaw@indiatimes.com,81924692760
Martynne McGeouch,M,1977-02-23,56334015340,94421389,PE,Paulista,Dom Lustosa,mmcgeouchax@twitter.com,81969683223
Hazlett Dewerson,F,1955-05-04,42701178827,67813885,PE,Jaboatão dos Guararapes,Abigail Bastos Russell,hdewersonay@photobucket.com,81968490936
Thia Parkhouse,F,2018-12-31,68223051248,45691247,PE,Olinda,Vasco Cirquine,tparkhouseaz@nydailynews.com,81903687490
Quintilla Whopples,M,1971-09-05,6859978764,92253030,PE,Igarassu,Abigail Bastos Russell,qwhopplesb0@topsy.com,81929949807
Christan Klimochkin,M,1996-01-10,80816672704,69365180,PE,Olinda,Avenida Governador Agamenon Magalhães,cklimochkinb1@cdbaby.com,81922069771
Bettye O'Hern,M,2017-03-28,11045092709,22260152,PE,Camaragibe,Dom Lustosa,bohernb2@nydailynews.com,81985791204
Addison Leyes,F,1941-10-11,30060255078,36824496,PE,Jaboatão dos Guararapes,Avenida Governador Agamenon Magalhães,aleyesb3@shop-pro.jp,81918612124
Denis Warbey,M,1979-11-06,14189703458,8741768,PE,Paulista,Rua Francisco da Cunha,dwarbeyb4@slate.com,81991386542
Catina Provest,F,1935-06-29,63593218725,88074531,PE,Olinda,Visconde de Itaboraí,cprovestb5@bbc.co.uk,81935942243
Hector Donovin,F,2008-10-04,92456929001,33415564,PE,Abreu e Lima,Vicente de Carvalho,hdonovinb6@wikimedia.org,81989822780
Serena Ronca,F,1982-04-28,89919824908,83656551,PE,Abreu e Lima,Vicente de Carvalho,sroncab7@narod.ru,81935138012
Roseanna Scarffe,F,2010-12-13,13312001098,82375253,PE,Jaboatão dos Guararapes,Carlos Drummond,rscarffeb8@webeden.co.uk,81991757638
Doloritas McGucken,M,2010-09-14,47605252760,47270786,PE,Recife,Sertanópolis,dmcguckenb9@marketwatch.com,81971208941
Abdul Isson,M,1947-01-25,40575556997,79393142,PE,Paulista,Pastor José Joaquim dos Santos,aissonba@vistaprint.com,81928157617
Kevon Strong,F,1996-01-02,5678023993,36826151,PE,Recife,Vicente de Carvalho,kstrongbb@nydailynews.com,81903366724
Vic O'Fairy,M,1945-12-15,24684877466,36852488,PE,Carpina,Vicente de Carvalho,vofairybc@ebay.com,81960220589
Almeta Surpliss,F,1936-01-04,35206219658,7805704,PE,Igarassu,Osvaldo Freire,asurplissbd@si.edu,81962218584
Sapphire Hardwicke,F,1946-06-28,61077053111,99274659,PE,Paulista,Limoeiro do Norte,shardwickebe@hhs.gov,81986344691
Crawford Roof,M,1959-03-16,80705248065,12225449,PE,Camaragibe,Rua dos Navegantes,croofbf@sbwire.com,81944811139
Saul Mantrup,M,1952-11-16,85578526925,39169101,PE,Igarassu,Avenida Conselheiro Aguiar,smantrupbg@amazon.com,81913305315
Gregory Emlin,F,1966-09-13,54006985002,10399467,PE,Olinda,Rua dos Navegantes,gemlinbh@disqus.com,81964348952
Killy Spenley,F,1967-07-12,27759780900,18983807,PE,Igarassu,Vasco Cirquine,kspenleybi@shinystat.com,81900821654
Wynne Yakobowitz,M,1946-01-04,71574742900,79967424,PE,Igarassu,Vasco Cirquine,wyakobowitzbj@independent.co.uk,81942829224
Bird Verrico,M,1959-06-03,97791366622,30200318,PE,Camaragibe,José Pessoa,bverricobk@google.fr,81935465233
Lambert Halton,M,1946-01-21,90194614534,79064411,PE,Jaboatão dos Guararapes,Osvaldo Freire,lhaltonbl@123-reg.co.uk,81951344379
Codee MacShirie,F,2001-12-20,90572640610,24080777,PE,Recife,Vicente de Carvalho,cmacshiriebm@ovh.net,81964716009
Heddi Sirett,F,2006-07-19,70842336161,62206688,PE,Paulista,Sertanópolis,hsirettbn@shinystat.com,81965477187
Chrystal Oswell,M,1964-10-04,9772440680,92450786,PE,Jaboatão dos Guararapes,Avenida Engenheiro Domingos Ferreira,coswellbo@domainmarket.com,81902703217
Conn Lelande,F,2017-12-06,7787443302,53120076,PE,Paulista,Osvaldo Freire,clelandebp@mayoclinic.com,81954575423
Doroteya Chetter,M,1964-01-28,97154057658,36240357,PE,Paulista,Rua Francisco da Cunha,dchetterbq@wix.com,81928623045
Tanney Harly,F,1978-09-25,18513378924,63704767,PE,Olinda,Vicente de Carvalho,tharlybr@huffingtonpost.com,81935596856
Fitzgerald Hunnawill,M,1976-02-01,38564646548,12857754,PE,Abreu e Lima,Acaiaca,fhunnawillbs@unesco.org,81951619582
Sheeree Lindsley,M,1954-11-30,94474577310,17001939,PE,Abreu e Lima,Carlos Drummond,slindsleybt@webnode.com,81943686887
Madonna Buske,M,2014-01-16,10571173956,76760460,PE,Camaragibe,Avenida Caxangá,mbuskebu@whitehouse.gov,81935687954
Tessy Forster,M,1936-09-28,56545145995,67571763,PE,Jaboatão dos Guararapes,Avenida Boa Viagem,tforsterbv@noaa.gov,81962591039
Arin Avo,M,2005-12-28,46137308793,40180941,PE,Olinda,Dom Lustosa,aavobw@slashdot.org,81958243361
Graham Benoiton,F,2017-12-01,29774066821,60552880,PE,Recife,Dom Lustosa,gbenoitonbx@discovery.com,81953330099
Tarra Patington,F,1964-03-27,78324580309,39228413,PE,Jaboatão dos Guararapes,Avenida Governador Agamenon Magalhães,tpatingtonby@nifty.com,81922282538
Nicol Greasley,F,1958-01-27,60819115654,74951988,PE,Carpina,Avenida Conselheiro Aguiar,ngreasleybz@homestead.com,81903135928
Rutherford Redsell,F,1941-10-16,35751686649,70672860,PE,Olinda,Osvaldo Freire,rredsellc0@nydailynews.com,81938324256
Parry Vesty,M,2019-11-05,58713511506,62536169,PE,Olinda,Osvaldo Freire,pvestyc1@admin.ch,81929096045
Agosto Coldbathe,M,1973-08-17,12495071542,7641251,PE,Recife,Rua Francisco da Cunha,acoldbathec2@mozilla.com,81983953562
Basilius MacManus,M,1986-05-24,57766765761,86803679,PE,Camaragibe,Vasco Cirquine,bmacmanusc3@japanpost.jp,81988453666
Pauly MacColgan,M,2013-05-24,39731868199,81864603,PE,Olinda,Sertanópolis,pmaccolganc4@sphinn.com,81952012801
Melita Bebbell,M,2012-09-05,5448735650,24258889,PE,Camaragibe,Garanhuns,mbebbellc5@webnode.com,81958769893
Sarah Edgecombe,M,1930-08-21,88000914437,27433090,PE,Olinda,Sertanópolis,sedgecombec6@google.com,81920025738
Prissie O Sullivan,F,1993-02-11,59894948742,48990601,PE,Jaboatão dos Guararapes,Rua Francisco da Cunha,poc7@newsvine.com,81912731818
Gilemette Harlin,F,1959-09-24,56639466023,31659889,PE,Olinda,Vasco Cirquine,gharlinc8@canalblog.com,81944229768
Claiborn Vankov,M,1966-11-18,1692195519,33842868,PE,Jaboatão dos Guararapes,Vasco Cirquine,cvankovc9@mapy.cz,81949627876
Towney Pentony,M,1973-10-06,13528369033,28785488,PE,Olinda,Avenida Boa Viagem,tpentonyca@liveinternet.ru,81987975109
Ursala Suggitt,F,1987-09-25,28753477540,19267909,PE,Jaboatão dos Guararapes,Acaiaca,usuggittcb@theguardian.com,81939796663
Dulcea Brounfield,F,2017-08-24,47358722627,73001339,PE,Jaboatão dos Guararapes,Rua dos Navegantes,dbrounfieldcc@virginia.edu,81973526260
Kiri Boeck,M,1959-07-07,97397987318,15240082,PE,Camaragibe,Rua Francisco da Cunha,kboeckcd@bandcamp.com,81908338785
Hamilton O'Glassane,F,1955-01-25,61628172213,34406446,PE,Camaragibe,Abigail Bastos Russell,hoglassanece@pcworld.com,81968416365
Teddie Bus,F,1959-09-25,57753499906,75787811,PE,Jaboatão dos Guararapes,Carlos Drummond,tbuscf@reverbnation.com,81916873864
Orv Ector,M,1954-11-17,10880071253,16001253,PE,Camaragibe,José Pessoa,oectorcg@sourceforge.net,81902737318
Adolpho Swancott,F,1957-01-15,94244527330,1745255,PE,Camaragibe,Avenida Boa Viagem,aswancottch@issuu.com,81934041078
Jeramey Nazareth,M,1933-06-03,14481684517,8981923,PE,Olinda,Rua Francisco da Cunha,jnazarethci@ebay.com,81944241818
Terry Lettington,M,2009-03-07,76337009485,47263198,PE,Paulista,Avenida Boa Viagem,tlettingtoncj@ucoz.ru,81954248189
Tammie Crummay,M,1945-08-01,30259823315,71038807,PE,Camaragibe,Avenida Governador Agamenon Magalhães,tcrummayck@microsoft.com,81987421188
Sunshine Rickets,M,2005-04-19,69876789829,45998943,PE,Camaragibe,Dom Lustosa,sricketscl@walmart.com,81987434051
Viola Forson,M,1942-12-23,92380510361,85494483,PE,Jaboatão dos Guararapes,Vasco Cirquine,vforsoncm@nhs.uk,81972084711
Sayre Celle,F,1987-05-07,2236856683,20729277,PE,Jaboatão dos Guararapes,Avenida Caxangá,scellecn@gmpg.org,81957239718
Fanny Marzella,M,1993-07-26,13634020736,3447563,PE,Paulista,José Pessoa,fmarzellaco@cnn.com,81927206886
Michell Whitrod,F,1964-06-06,68659513750,2015860,PE,Carpina,Sertanópolis,mwhitrodcp@auda.org.au,81918608406
Pearle Scotting,M,1947-11-06,98110201669,87069035,PE,Igarassu,Avenida Boa Viagem,pscottingcq@example.com,81988217276
Alisun Lowman,M,2015-05-18,23929994055,18823070,PE,Paulista,Dom Lustosa,alowmancr@umn.edu,81939803517
Marijn Panter,F,1974-03-31,90516554367,80592047,PE,Jaboatão dos Guararapes,Marquês de Maricá,mpantercs@dell.com,81923250857
Winna Gaveltone,F,1943-03-21,45937066784,46826575,PE,Paulista,Rua Setúbal,wgaveltonect@msn.com,81964559888
Remington Landman,F,1933-10-25,52755870085,56041300,PE,Jaboatão dos Guararapes,Vicente de Carvalho,rlandmancu@theguardian.com,81991982547
Min Lythgoe,M,1971-07-29,20557168715,97993810,PE,Camaragibe,Rua dos Navegantes,mlythgoecv@reverbnation.com,81930029563
Odetta McCormack,M,1977-06-12,62889059586,91058794,PE,Olinda,Dom Lustosa,omccormackcw@dell.com,81902088481
Alejandro Fahrenbach,M,1957-04-01,54894934058,54992761,PE,Recife,Vicente de Carvalho,afahrenbachcx@icq.com,81902822076
Cherish Gras,F,1937-01-31,70042511861,56910638,PE,Paulista,Abigail Bastos Russell,cgrascy@columbia.edu,81958473811
Wendell Rudyard,F,1954-03-03,85907380207,26030022,PE,Paulista,Garanhuns,wrudyardcz@behance.net,81949329641
Claudina Prier,F,1988-06-05,76018809393,52699859,PE,Abreu e Lima,Avenida Conselheiro Aguiar,cprierd0@devhub.com,81956995107
Kalil McKerley,F,2008-01-01,94244451564,79742412,PE,Camaragibe,Dom Lustosa,kmckerleyd1@gmpg.org,81934808164
Nevins Joplin,F,1968-02-22,78055151431,93828602,PE,Jaboatão dos Guararapes,Marquês de Maricá,njoplind2@blinklist.com,81981098187
Hattie Pocklington,F,1992-05-15,17901086828,36730038,PE,Igarassu,Avenida Engenheiro Domingos Ferreira,hpocklingtond3@dion.ne.jp,81982146215
Thibaut Curmi,F,1982-11-10,60320400532,76536287,PE,Camaragibe,Sertanópolis,tcurmid4@jimdo.com,81973607183
Dominga Landall,F,2022-02-11,38246509569,55405721,PE,Paulista,Garanhuns,dlandalld5@cmu.edu,81921417626
Noah Shasnan,F,1931-12-18,70798580061,18183364,PE,Paulista,Sertanópolis,nshasnand6@chronoengine.com,81942083682
Andrea Chiverton,M,1943-10-25,83485943521,99809595,PE,Carpina,Carlos Drummond,achivertond7@chicagotribune.com,81941760491
Mab Plinck,F,1983-05-24,16816442567,25887191,PE,Jaboatão dos Guararapes,Carlos Drummond,mplinckd8@businessinsider.com,81979314308
Lindy Sterte,M,1979-12-25,42065334551,59137822,PE,Carpina,Garanhuns,lsterted9@springer.com,81947691262
Zelig Piggot,F,2014-08-16,49303480059,74350631,PE,Jaboatão dos Guararapes,Abigail Bastos Russell,zpiggotda@amazon.de,81964762326
Ilaire Korlat,F,1953-05-24,10321938009,40214217,PE,Abreu e Lima,José Pessoa,ikorlatdb@paginegialle.it,81940420152
Netti McAreavey,M,1932-06-02,57267202074,87507461,PE,Paulista,Marquês de Maricá,nmcareaveydc@earthlink.net,81981407172
Nathanael Itscowicz,M,2013-07-22,20424420781,28310289,PE,Paulista,Abigail Bastos Russell,nitscowiczdd@networksolutions.com,81929503596
Hort Castelletti,F,1938-04-21,95471986761,16998289,PE,Olinda,Carlos Drummond,hcastellettide@plala.or.jp,81970478615
Dawn Elnough,M,2010-10-05,44246258632,76791926,PE,Camaragibe,Abigail Bastos Russell,delnoughdf@weather.com,81961535814
Steven Neeves,M,1932-11-05,74013620938,74530869,PE,Camaragibe,Avenida Caxangá,sneevesdg@cocolog-nifty.com,81938019551
Patrick Messier,F,1946-04-09,77493314698,87727656,PE,Camaragibe,Rua Francisco da Cunha,pmessierdh@mac.com,81998349085
Rustin Brundale,F,1961-10-27,26866917733,26778025,PE,Paulista,Vasco Cirquine,rbrundaledi@soundcloud.com,81972013961
Sarajane MacDermott,M,1990-05-11,60425744392,40572126,PE,Paulista,Vasco Cirquine,smacdermottdj@mac.com,81921454482
Abby McAster,M,1992-12-03,48273712122,9277556,PE,Olinda,Avenida Caxangá,amcasterdk@edublogs.org,81966415728
Marcos Stanbro,M,1998-08-01,25770546418,19528594,PE,Paulista,Acaiaca,mstanbrodl@live.com,81926227586
Jillie Maylam,F,1962-02-10,85662632653,54965530,PE,Paulista,Abigail Bastos Russell,jmaylamdm@alexa.com,81957603564
Effie Bebis,F,2013-10-02,69813550373,61443720,PE,Carpina,Vasco Cirquine,ebebisdn@e-recht24.de,81981927274
Allard Glendzer,M,2009-01-21,80827216345,95917197,PE,Igarassu,Garanhuns,aglendzerdo@harvard.edu,81992057575
Honey Verbeke,F,1981-08-30,47225915124,91539128,PE,Camaragibe,Osvaldo Freire,hverbekedp@nasa.gov,81906305744
Ed Crab,F,1980-05-23,66687891398,24019398,PE,Olinda,Visconde de Itaboraí,ecrabdq@vimeo.com,81970071126
Melitta Gately,M,2008-06-18,434913062,4593813,PE,Abreu e Lima,Avenida Conselheiro Aguiar,mgatelydr@netscape.com,81947207680
Sigismondo Botton,F,2003-02-16,63214153476,35269150,PE,Camaragibe,Avenida Governador Agamenon Magalhães,sbottonds@nature.com,81968936047
Moise Thorwarth,M,2000-01-22,58517387959,66283846,PE,Olinda,Avenida Governador Agamenon Magalhães,mthorwarthdt@oakley.com,81932538248
Hildy Nicholls,M,2021-05-06,99453214708,46132250,PE,Paulista,Carlos Drummond,hnichollsdu@wikimedia.org,81996037726
Emelina Howlett,M,1967-05-26,18905577001,24326364,PE,Camaragibe,Avenida Boa Viagem,ehowlettdv@wikispaces.com,81954603706
